name	likely	population	gdp	literacy	currency	geo	color	id	net	cell	language
Ascension Island		940	40680000	99	SHP	-7.9412278,-14.4280773	2a5f9d	AC			
Andorra	ca-Latn-AD	85660	3163000000	100	EUR	42.5,1.5	fde230	AD	96.9	88.1	"{""ca"":{""percent"":51,""status"":0,""cldr"":""ca-AD""}}"
United Arab Emirates	ar-Arab-AE	5927480	667200000000	90	AED	24,54	ec4b5b	AE	91.2	187	"{""ar"":{""percent"":78,""status"":0,""cldr"":""ar-AE""}}"
Afghanistan	fa-Arab-AF	33332000	64080000000	28.1	AFN	33,65	ed4c5c	AF	8.26	61.6	"{""bal"":{""percent"":0.67,""status"":1},""fa"":{""percent"":50,""status"":0,""cldr"":""fa-AF""},""ps"":{""percent"":43,""status"":0,""cldr"":""ps""},""tk"":{""percent"":1.7,""status"":1},""uz-Arab"":{""percent"":4.7,""status"":1,""cldr"":""uz-Arab"",""parent"":""root""}}"
Antigua & Barbuda		93581	2171000000	99	XCD	17.05,-61.8	ec4b5b	AG	65.2	137	"{""en"":{""percent"":86,""status"":0,""cldr"":""en-AG"",""parent"":""en-001""}}"
Anguilla		16752	175400000	95	XCD	18.25,-63.16666666	2a5f9e	AI			"{""en"":{""percent"":95,""status"":0,""cldr"":""en-AI"",""parent"":""en-001""}}"
Albania	sq-Latn-AL	3038590	34210000000	96.8	ALL	41,20	f32f4b	AL	63.3	106	"{""sq"":{""percent"":100,""status"":0,""cldr"":""sq""}}"
Armenia	hy-Armn-AM	3051250	26560000000	99.6	AMD	40,45	295e9e	AM	58.2	115	"{""hy"":{""percent"":98,""status"":0,""cldr"":""hy""}}"
Angola	pt-Latn-AO	20172300	187300000000	70.4	AOA	-12.5,18.5	ec4b5b	AO	12.4	60.8	"{""pt"":{""percent"":67,""status"":0,""cldr"":""pt-AO"",""parent"":""pt-PT""}}"
Antarctica	und-Latn-AQ	300	17190000	99		-90,0	3a7dce	AQ			
Argentina	es-Latn-AR	43886700	879400000000	97.9	ARS	-34,-64	b3d6ee	AR	69.4	144	"{""es"":{""percent"":100,""status"":0,""cldr"":""es-AR"",""parent"":""es-419""}}"
American Samoa	sm-Latn-AS	54194	711000000	97	USD	-14.33333333,-170	2b5e9d	AS			"{""en"":{""percent"":97,""status"":2,""cldr"":""en-AS""},""sm"":{""percent"":99,""status"":0}}"
Austria	de-Latn-AT	8711770	415900000000	98	EUR	47.33333333,13.33333333	ec4b5b	AT	83.9	157	"{""de"":{""percent"":97,""status"":0,""cldr"":""de-AT""},""hr"":{""percent"":1.2,""status"":1},""hu"":{""percent"":0.27,""status"":1},""sl"":{""percent"":0.37,""status"":1}}"
Australia		22992700	1189000000000	99	AUD	-27,133	2a5f9e	AU	84.6	133	"{""en"":{""percent"":96,""status"":2,""cldr"":""en-AU"",""parent"":""en-001""}}"
Aruba	nl-Latn-AW	113648	2516000000	96.8	AWG	12.5,-69.96666666	42ade2	AW	88.7	136	"{""nl"":{""percent"":97,""status"":0,""cldr"":""nl-AW""},""pap"":{""percent"":61,""status"":0}}"
Åland Islands	sv-Latn-AX	26200	929800000	100	EUR	60.116667,19.9	2a5e9d	AX			"{""sv"":{""percent"":99,""status"":0,""cldr"":""sv-AX""}}"
Azerbaijan	az-Latn-AZ	9872770	167900000000	99.8	AZN	40.5,47.5	ed4c5c	AZ	77	111	"{""az"":{""percent"":89,""status"":0,""cldr"":""az""},""az-Cyrl"":{""percent"":9.9,""status"":0,""cldr"":""az-Cyrl"",""parent"":""root""}}"
Bosnia & Herzegovina	bs-Latn-BA	3861910	42530000000	98	BAM	44,18	2a5f9d	BA	65.1	90.2	"{""bs"":{""percent"":99,""status"":0,""cldr"":""bs""},""bs-Cyrl"":{""percent"":99,""status"":0,""cldr"":""bs-Cyrl"",""parent"":""root""},""hr"":{""percent"":12,""status"":0,""cldr"":""hr-BA""},""sr"":{""percent"":10,""status"":0},""sr-Latn"":{""percent"":10,""status"":0,""cldr"":""sr-Latn-BA""}}"
Barbados		291495	4804000000	99.7	BBD	13.16666666,-59.53333333	2c5b94	BB	76.1	116	"{""en"":{""percent"":100,""status"":0,""cldr"":""en-BB"",""parent"":""en-001""}}"
Bangladesh	bn-Beng-BD	156187000	628400000000	57.7	BDT	24,90	699635	BD	14.4	83.4	"{""bn"":{""percent"":98,""status"":0,""cldr"":""bn""}}"
Belgium	nl-Latn-BE	11409100	508600000000	99	EUR	50.83333333,4	ffe62e	BE	85.1	116	"{""de"":{""percent"":22,""status"":0,""cldr"":""de-BE""},""fr"":{""percent"":38,""status"":0,""cldr"":""fr-BE""},""nl"":{""percent"":55,""status"":0,""cldr"":""nl-BE""}}"
Burkina Faso	fr-Latn-BF	19512500	32990000000	28.7	XOF	13,-2	ec4b5b	BF	11.4	80.6	"{""fr"":{""percent"":22,""status"":0,""cldr"":""fr-BF""}}"
Bulgaria	bg-Cyrl-BG	7144650	143100000000	98.4	BGN	43,25	83bf4f	BG	56.7	129	"{""bg"":{""percent"":100,""status"":0,""cldr"":""bg""}}"
Bahrain	ar-Arab-BH	1378900	66370000000	94.6	BHD	26,50.55	c94747	BH	93.5	185	"{""ar"":{""percent"":87,""status"":0,""cldr"":""ar-BH""}}"
Burundi	rn-Latn-BI	11099300	7892000000	67.2	BIF	-3.5,30	ed4c5c	BI	4.87	46.2	"{""en"":{""percent"":0.056,""status"":0,""cldr"":""en-BI""},""fr"":{""percent"":59,""status"":0,""cldr"":""fr-BI""},""rn"":{""percent"":63,""status"":0,""cldr"":""rn""}}"
Benin	fr-Latn-BJ	10741500	24310000000	42.4	XOF	9.5,2.25	ed4b5c	BJ	6.79	85.6	"{""fr"":{""percent"":35,""status"":0,""cldr"":""fr-BJ""}}"
St. Barthélemy	fr-Latn-BL	7209	255000000	99	EUR	18.5,-63.41666666	3f6693	BL			"{""fr"":{""percent"":95,""status"":0,""cldr"":""fr-BL""}}"
Bermuda		70537	5198000000	98	BMD	32.33333333,-64.75	ec4c5c	BM	98.3	57.9	"{""en"":{""percent"":92,""status"":0,""cldr"":""en-BM"",""parent"":""en-001""}}"
Brunei	ms-Latn-BN	436620	33730000000	95.4	BND	4.5,114.66666666	fee52e	BN	71.2	108	"{""ms"":{""percent"":93,""status"":0,""cldr"":""ms-BN""},""ms-Arab"":{""percent"":5,""status"":0}}"
Bolivia	es-Latn-BO	10969600	78350000000	91.2	BOB	-17,-65	fecd30	BO	45.1	92.2	"{""ay"":{""percent"":20,""status"":0},""es"":{""percent"":61,""status"":0,""cldr"":""es-BO"",""parent"":""es-419""},""qu"":{""percent"":32,""status"":0,""cldr"":""qu-BO""}}"
Caribbean Netherlands	pap-Latn-BQ	20000	419800000	99	USD	12.1683401,-68.4481465	2e5d96	BQ			"{""nl"":{""percent"":8,""status"":0,""cldr"":""nl-BQ""}}"
Brazil	pt-Latn-BR	205824000	3135000000000	90.4	BRL	-10,-55	6a9634	BR	59.1	127	"{""pt"":{""percent"":91,""status"":0,""cldr"":""pt""}}"
Bahamas		327316	9066000000	95.6	BSD	24.25,-76	42ace2	BS	78	80.3	"{""en"":{""percent"":100,""status"":0,""cldr"":""en-BS"",""parent"":""en-001""}}"
Bhutan	dz-Tibt-BT	750125	6432000000	52.8	INR	27.5,90.5	fece32	BT	39.8	87.1	"{""dz"":{""percent"":47,""status"":0,""cldr"":""dz""}}"
Bouvet Island	und-Latn-BV	1	43270	99	NOK	-54.43333333,3.4	ed4b5b	BV			
Botswana		2209210	36510000000	85.1	BWP	-22,24	b4d7ee	BW	27.5	169	"{""en"":{""percent"":81,""status"":0,""cldr"":""en-BW"",""parent"":""en-001""},""tn"":{""percent"":62,""status"":0}}"
Belarus	be-Cyrl-BY	9570380	165400000000	99.6	BYN	53,28	c94747	BY	62.2	124	"{""be"":{""percent"":100,""status"":0,""cldr"":""be""},""ru"":{""percent"":12,""status"":0,""cldr"":""ru-BY""}}"
Belize		353858	3088000000	76.9	BZD	17.25,-88.75	428ac1	BZ	41.6	48.9	"{""en"":{""percent"":100,""status"":0,""cldr"":""en-BZ"",""parent"":""en-001""}}"
Canada		35362900	1674000000000	99	CAD	60,-95	ed4c5c	CA	88.5	81.9	"{""en"":{""percent"":86,""status"":0,""cldr"":""en-CA"",""parent"":""en-001""},""fr"":{""percent"":22,""status"":0,""cldr"":""fr-CA""},""ikt"":{""percent"":0.011,""literacy"":30,""status"":1},""iu"":{""percent"":0.042,""literacy"":30,""status"":1},""iu-Latn"":{""percent"":0.042,""literacy"":30,""status"":1}}"
Cocos (Keeling) Islands		596	30820000	99	AUD	-12.5,96.83333333	6c9734	CC			"{""en"":{""percent"":17,""status"":2,""cldr"":""en-CC"",""parent"":""en-001""}}"
Congo - Kinshasa	sw-Latn-CD	81331100	66010000000	66.8	CDF	0,25	42ade1	CD	3.8	53	"{""fr"":{""percent"":3.8,""status"":0,""cldr"":""fr-CD""},""kg"":{""percent"":1.5,""status"":1},""ln"":{""percent"":3.1,""status"":1,""cldr"":""ln""},""lua"":{""percent"":9.6,""status"":1},""sw"":{""percent"":50,""status"":1,""cldr"":""sw-CD""}}"
Central African Republic	fr-Latn-CF	5507260	3206000000	56.6	XAF	7,21	f42e4b	CF	4.56	20.4	"{""fr"":{""percent"":49,""status"":0,""cldr"":""fr-CF""},""sg"":{""percent"":49,""status"":0,""cldr"":""sg""}}"
Congo - Brazzaville	fr-Latn-CG	4852410	30270000000	83.8	XAF	-1,15	75a842	CG	7.62	112	"{""fr"":{""percent"":84,""status"":0,""cldr"":""fr-CG""}}"
Switzerland	de-Latn-CH	8179290	494300000000	99	CHF	47,8	ec4b5c	CH	88	142	"{""de"":{""percent"":73,""status"":0,""cldr"":""de-CH""},""fr"":{""percent"":21,""status"":0,""cldr"":""fr-CH""},""gsw"":{""percent"":65,""status"":2,""cldr"":""gsw""},""it"":{""percent"":4.3,""status"":0,""cldr"":""it-CH""},""rm"":{""percent"":0.5,""status"":1,""cldr"":""rm""}}"
Côte d’Ivoire	fr-Latn-CI	23740400	87120000000	56.9	XOF	8,-5	f0b100	CI	21	119	"{""fr"":{""percent"":49,""status"":0,""cldr"":""fr-CI""}}"
Cook Islands		9556	244100000	95	NZD	-21.23333333,-159.76666666	2a5f9e	CK			"{""en"":{""percent"":95,""status"":0,""cldr"":""en-CK"",""parent"":""en-001""}}"
Chile	es-Latn-CL	17650100	436100000000	98.6	CLP	-30,-71	ec4b5c	CL	64.3	129	"{""es"":{""percent"":98,""status"":0,""cldr"":""es-CL"",""parent"":""es-419""}}"
Cameroon	fr-Latn-CM	24360800	77240000000	71.3	XAF	6,12	c94746	CM	20.7	71.8	"{""en"":{""percent"":38,""status"":0,""cldr"":""en-CM"",""parent"":""en-001""},""fr"":{""percent"":68,""status"":0,""cldr"":""fr-CM""}}"
China	zh-Hans-CN	1373540000	21270000000000	95.1	CNY	35,105	ec4b5b	CN	50.3	93.2	"{""bo"":{""percent"":0.2,""status"":1,""cldr"":""bo""},""ko"":{""percent"":0.15,""status"":1},""mn-Mong"":{""percent"":0.26,""status"":1},""ug"":{""percent"":0.55,""status"":1,""cldr"":""ug""},""za"":{""percent"":0.31,""status"":1},""zh"":{""percent"":90,""status"":0,""cldr"":""zh""}}"
Colombia	es-Latn-CO	47220900	690400000000	93.6	COP	4,-72	ffe62e	CO	55.9	116	"{""es"":{""percent"":93,""status"":0,""cldr"":""es-CO"",""parent"":""es-419""}}"
Clipperton Island	und-Latn-CP	1	40950	99		10.2833333,-109.2188554	ed4b5c	CP			
Costa Rica	es-Latn-CR	4872540	79260000000	96.3	CRC	10,-84	c94747	CR	59.8	151	"{""es"":{""percent"":95,""status"":0,""cldr"":""es-CR"",""parent"":""es-419""}}"
Cuba	es-Latn-CU	11180000	128500000000	99.8	CUP	21.5,-80	428ac0	CU	31.1	29.7	"{""es"":{""percent"":100,""status"":0,""cldr"":""es-CU"",""parent"":""es-419""}}"
Cape Verde	pt-Latn-CV	553432	3583000000	84.9	CVE	16,-24	2a5f9d	CV	43	127	"{""pt"":{""percent"":76,""status"":0,""cldr"":""pt-CV"",""parent"":""pt-PT""}}"
Curaçao	pap-Latn-CW	149035	3128000000	99	ANG	12.116667,-68.933333	2a5f9e	CW		114	"{""nl"":{""percent"":8,""status"":0,""cldr"":""nl-CW""},""pap"":{""percent"":81,""status"":2}}"
Christmas Island		2205	114000000	99	AUD	-10.5,105.66666666	6d9734	CX			"{""en"":{""percent"":63,""status"":0,""cldr"":""en-CX"",""parent"":""en-001""}}"
Cyprus	el-Grek-CY	1205580	29260000000	98.7	EUR	35,33	f09247	CY	71.7	95.4	"{""el"":{""percent"":95,""status"":0,""cldr"":""el-CY""},""tr"":{""percent"":23,""status"":0,""cldr"":""tr-CY""}}"
Czechia	cs-Latn-CZ	10644800	350900000000	99	CZK	49.75,15.5	eb4c5d	CZ	81.3	129	"{""cs"":{""percent"":98,""status"":0,""cldr"":""cs""}}"
Germany	de-Latn-DE	80722800	3979000000000	99	EUR	51,9	ec4c5c	DE	87.6	117	"{""de"":{""percent"":91,""status"":0,""cldr"":""de""}}"
Diego Garcia		500	21640000	99	USD	-7.3432227,72.3588798	2c609e	DG			"{""en"":{""percent"":99,""status"":2,""cldr"":""en-DG"",""parent"":""en-001""}}"
Djibouti	aa-Latn-DJ	846687	3345000000	67.9	DJF	11.5,43	42ade2	DJ	11.9	34.7	"{""ar"":{""percent"":7.3,""status"":0,""cldr"":""ar-DJ""},""fr"":{""percent"":2.1,""status"":0,""cldr"":""fr-DJ""}}"
Denmark	da-Latn-DK	5593790	264800000000	99	DKK	56,10	ed4b5b	DK	96.3	128	"{""da"":{""percent"":93,""status"":0,""cldr"":""da""},""de"":{""percent"":47,""status"":1},""kl"":{""percent"":0.13,""status"":1}}"
Dominica		73757	812000000	94	XCD	15.41666666,-61.33333333	699535	DM	67.6	106	"{""en"":{""percent"":94,""status"":0,""cldr"":""en-DM"",""parent"":""en-001""}}"
Dominican Republic	es-Latn-DO	10606900	160900000000	90.1	DOP	19,-70.66666666	2a5e9d	DO	51.9	82.6	"{""es"":{""percent"":78,""status"":0,""cldr"":""es-DO"",""parent"":""es-419""}}"
Algeria	ar-Arab-DZ	40263700	609400000000	72.6	DZD	28,3	699535	DZ	38.2	113	"{""ar"":{""percent"":74,""status"":0,""cldr"":""ar-DZ""},""fr"":{""percent"":20,""status"":0,""cldr"":""fr-DZ""}}"
Ceuta & Melilla	es-Latn-EA	150000	5220000000	97.7	EUR	35.88899,-5.3360886,35.2862888,-2.9533027	fecd31	EA			"{""es"":{""percent"":98,""status"":0,""cldr"":""es-EA""}}"
Ecuador	es-Latn-EC	16080800	182400000000	91.6	USD	-2,-77.5	fee52e	EC	48.9	79.4	"{""es"":{""percent"":96,""status"":0,""cldr"":""es-EC"",""parent"":""es-419""},""qu"":{""percent"":17,""status"":0,""cldr"":""qu-EC""}}"
Estonia	et-Latn-EE	1258550	38700000000	99.8	EUR	59,26	42ace2	EE	88.4	149	"{""et"":{""percent"":71,""status"":0,""cldr"":""et""}}"
Egypt	ar-Arab-EG	94667000	1105000000000	73.9	EGP	27,30	ec4b5b	EG	35.9	111	"{""ar"":{""percent"":94,""status"":0,""cldr"":""ar-EG""}}"
Western Sahara	ar-Arab-EH	587020	906500000	50	MAD	24.5,-13	ed4c5c	EH			"{""ar"":{""percent"":100,""status"":0,""cldr"":""ar-EH""}}"
Eritrea	ti-Ethi-ER	5869870	9169000000	68.9	ERN	15,39	ec4c5c	ER	1.08	7.05	"{""ar"":{""percent"":4.9,""status"":0,""cldr"":""ar-ER""},""en"":{""percent"":59,""status"":0,""cldr"":""en-ER"",""parent"":""en-001""},""ti"":{""percent"":60,""status"":2,""cldr"":""ti-ER""}}"
Spain	es-Latn-ES	48563500	1690000000000	97.7	EUR	40,-4	fecd31	ES	78.7	108	"{""ast"":{""percent"":1.3,""status"":1,""cldr"":""ast""},""ca"":{""percent"":17,""status"":1,""cldr"":""ca""},""es"":{""percent"":99,""status"":0,""cldr"":""es""},""eu"":{""percent"":2,""status"":1,""cldr"":""eu""},""gl"":{""percent"":7,""status"":1,""cldr"":""gl""}}"
Ethiopia	am-Ethi-ET	102374000	174700000000	39	ETB	8,38	ec4c5c	ET	11.6	42.8	"{""am"":{""percent"":33,""status"":0,""cldr"":""am""}}"
Finland	fi-Latn-FI	5498210	230000000000	100	EUR	64,26	428ac1	FI	92.7	135	"{""fi"":{""percent"":94,""status"":0,""cldr"":""fi""},""sv"":{""percent"":44,""status"":0,""cldr"":""sv-FI""}}"
Fiji		915303	8374000000	93.7	FJD	-18,175	42ace1	FJ	46.3	108	"{""en"":{""percent"":94,""status"":0,""cldr"":""en-FJ"",""parent"":""en-001""},""fj"":{""percent"":39,""status"":0},""hif"":{""percent"":41,""status"":0}}"
Falkland Islands		2931	164500000	99	FKP	-51.75,-59	2a5f9e	FK			"{""en"":{""percent"":96,""status"":0,""cldr"":""en-FK"",""parent"":""en-001""}}"
Micronesia		104719	314000000	89	USD	6.91666666,158.25	428ac1	FM	31.5		"{""en"":{""percent"":57,""status"":0,""cldr"":""en-FM"",""parent"":""en-001""}}"
Faroe Islands	fo-Latn-FO	50456	1831000000	99	DKK	62,-7	ed4b5b	FO	94.2	127	"{""fo"":{""percent"":95,""status"":0,""cldr"":""fo""}}"
France	fr-Latn-FR	66836200	2737000000000	99	EUR	46,2	ed4b5c	FR	84.7	103	"{""fr"":{""percent"":99,""status"":0,""cldr"":""fr""}}"
Gabon	fr-Latn-GA	1738540	36220000000	89	XAF	-1,11.75	ffe62e	GA	23.5	169	"{""fr"":{""percent"":63,""status"":0,""cldr"":""fr-GA""}}"
United Kingdom		64430400	2788000000000	99	GBP	54,-2	ed4c5c	GB	92	126	"{""cy"":{""percent"":0.77,""status"":1,""cldr"":""cy""},""en"":{""percent"":99,""status"":0,""cldr"":""en-GB"",""parent"":""en-001""},""ga"":{""percent"":0.026,""status"":1},""gd"":{""percent"":0.099,""status"":1,""cldr"":""gd""}}"
Grenada		111219	1511000000	96	XCD	12.11666666,-61.66666666	fecd31	GD	53.8	112	"{""en"":{""percent"":96,""status"":0,""cldr"":""en-GD"",""parent"":""en-001""}}"
Georgia	ka-Geor-GE	4928050	37380000000	99.7	GEL	42,43.5	ed4c5c	GE	45.2	129	"{""ab"":{""percent"":2.2,""status"":1},""ka"":{""percent"":86,""status"":0,""cldr"":""ka""},""os"":{""percent"":2.2,""status"":1,""cldr"":""os""}}"
French Guiana	fr-Latn-GF	199509	1551000000	83	EUR	4,-53	699634	GF			"{""fr"":{""percent"":77,""status"":0,""cldr"":""fr-GF""}}"
Guernsey		66297	3451000000	100	GBP	49.46666666,-2.58333333	ed4c5c	GG			"{""en"":{""percent"":100,""status"":0,""cldr"":""en-GG"",""parent"":""en-001""}}"
Ghana	ak-Latn-GH	26908300	120800000000	71.5	GHS	8,-2	fecd31	GH	23.5	130	"{""ak"":{""percent"":39,""status"":1,""cldr"":""ak""},""ee"":{""percent"":11,""status"":1,""cldr"":""ee""},""en"":{""percent"":21,""status"":0,""cldr"":""en-GH"",""parent"":""en-001""},""gaa"":{""percent"":2.8,""status"":1}}"
Gibraltar		29328	1850000000	80	GIP	36.13333333,-5.35	eb4c5c	GI			"{""en"":{""percent"":80,""status"":0,""cldr"":""en-GI"",""parent"":""en-001""}}"
Greenland	kl-Latn-GL	57728	2173000000	100	DKK	72,-40	c94747	GL	67.6	107	"{""kl"":{""percent"":84,""status"":0,""cldr"":""kl""}}"
Gambia		2009650	3387000000	51.1	GMD	13.46666666,-16.56666666	2a5f9d	GM	17.1	131	"{""en"":{""percent"":40,""status"":0,""cldr"":""en-GM"",""parent"":""en-001""}}"
Guinea	fr-Latn-GN	12093300	16080000000	41	GNF	11,-10	ffcd31	GN	4.7	87.2	"{""fr"":{""percent"":29,""status"":0,""cldr"":""fr-GN""}}"
Guadeloupe	fr-Latn-GP	452776	3513000000	90	EUR	16.25,-61.583333	384c63	GP			"{""fr"":{""percent"":90,""status"":0,""cldr"":""fr-GP""}}"
Equatorial Guinea	es-Latn-GQ	759451	31770000000	94.2	XAF	2,10	82be4f	GQ	21.3	66.7	"{""es"":{""percent"":87,""status"":0,""cldr"":""es-GQ""},""fr"":{""percent"":8.8,""status"":0,""cldr"":""fr-GQ""},""pt"":{""percent"":0.0001,""status"":0,""cldr"":""pt-GQ"",""parent"":""pt-PT""}}"
Greece	el-Grek-GR	10773300	290500000000	97.3	EUR	39,22	428ac1	GR	66.8	114	"{""el"":{""percent"":99,""status"":0,""cldr"":""el""}}"
South Georgia & South Sandwich Islands	und-Latn-GS	20	865400	99	GBP	-54.5,-37	2b5f9c	GS			
Guatemala	es-Latn-GT	15190000	132300000000	75.9	GTQ	15.5,-90.25	42ace1	GT	27.1	111	"{""es"":{""percent"":93,""status"":0,""cldr"":""es-GT"",""parent"":""es-419""},""quc"":{""percent"":7,""status"":1}}"
Guam		162742	4882000000	99	USD	13.46666666,144.78333333	2b5e9d	GU	73.1		"{""ch"":{""percent"":22,""status"":0},""en"":{""percent"":91,""status"":2,""cldr"":""en-GU""}}"
Guinea-Bissau	pt-Latn-GW	1759160	2851000000	55.3	XOF	12,-15	ffce30	GW	3.54	69.3	"{""pt"":{""percent"":100,""status"":0,""cldr"":""pt-GW"",""parent"":""pt-PT""}}"
Guyana		735909	6093000000	91.8	GYD	5,-59	699635	GY	38.2	67.2	"{""en"":{""percent"":100,""status"":0,""cldr"":""en-GY"",""parent"":""en-001""}}"
Hong Kong SAR China	zh-Hant-HK	7167400	427400000000	93.5	HKD	22.267,114.188	ed4c5c	HK	84.9	229	"{""en"":{""percent"":51,""status"":0,""cldr"":""en-HK"",""parent"":""en-001""},""zh-Hant"":{""percent"":95,""status"":0,""cldr"":""zh-Hant-HK""}}"
Heard & McDonald Islands	und-Latn-HM	1	51710	99	AUD	-53.1,72.51666666	2a5f9e	HM			
Honduras	es-Latn-HN	8893260	43190000000	85.1	HNL	15,-86.5	42ade2	HN	20.4	95.5	"{""es"":{""percent"":78,""status"":0,""cldr"":""es-HN"",""parent"":""es-419""}}"
Croatia	hr-Latn-HR	4313710	94240000000	98.9	HRK	45.16666666,15.5	ec4c5c	HR	69.8	104	"{""hr"":{""percent"":99,""status"":0,""cldr"":""hr""},""it"":{""percent"":1.6,""status"":1}}"
Haiti	ht-Latn-HT	10485800	19360000000	48.7	HTG	19,-72.41666666	2a5f9d	HT	12.2	69.9	"{""fr"":{""percent"":4.7,""literacy"":100,""status"":0,""cldr"":""fr-HT""},""ht"":{""percent"":81,""status"":0}}"
Hungary	hu-Latn-HU	9874780	267600000000	99	HUF	47,20	ec4b5b	HU	72.8	119	"{""hu"":{""percent"":100,""status"":0,""cldr"":""hu""}}"
Canary Islands	es-Latn-IC	2098590	73030000000	97.7	EUR	28.4260613,-18.0971522	2a5f9e	IC			"{""es"":{""percent"":98,""status"":0,""cldr"":""es-IC""}}"
Indonesia	id-Latn-ID	258316000	3028000000000	92.8	IDR	-5,120	ed4b5c	ID	22	132	"{""id"":{""percent"":64,""status"":0,""cldr"":""id""}}"
Ireland		4952470	324300000000	99	EUR	53,-8	fd8736	IE	80.1	104	"{""en"":{""percent"":98,""status"":0,""cldr"":""en-IE"",""parent"":""en-001""},""ga"":{""percent"":22,""status"":0,""cldr"":""ga""}}"
Israel	he-Hebr-IL	8174530	297000000000	97.1	ILS	31.47,35.13	428ac1	IL	78.9	133	"{""ar"":{""percent"":20,""status"":0,""cldr"":""ar-IL""},""he"":{""percent"":100,""status"":0,""cldr"":""he""}}"
Isle of Man		88195	6298000000	99	GBP	54.25,-4.5	ec4c5c	IM			"{""en"":{""percent"":100,""status"":0,""cldr"":""en-IM"",""parent"":""en-001""},""gv"":{""percent"":1.9,""status"":0,""cldr"":""gv""}}"
India	hi-Deva-IN	1266880000	8721000000000	62.8	INR	20,77	f1b100	IN	26	78.8	"{""as"":{""percent"":1.3,""status"":1,""cldr"":""as""},""bn"":{""percent"":8.1,""status"":1,""cldr"":""bn-IN""},""en"":{""percent"":19,""status"":0,""cldr"":""en-IN"",""parent"":""en-001""},""gu"":{""percent"":4.5,""status"":1,""cldr"":""gu""},""hi"":{""percent"":41,""status"":0,""cldr"":""hi""},""kha"":{""percent"":0.08,""literacy"":29,""status"":1},""kn"":{""percent"":3.7,""status"":1,""cldr"":""kn""},""kok"":{""percent"":0.37,""status"":1,""cldr"":""kok""},""ks"":{""percent"":0.41,""status"":1,""cldr"":""ks""},""mai"":{""percent"":1.2,""status"":1},""ml"":{""percent"":3.2,""status"":1,""cldr"":""ml""},""mr"":{""percent"":7,""status"":1,""cldr"":""mr""},""ne"":{""percent"":0.56,""status"":1,""cldr"":""ne-IN""},""or"":{""percent"":3.2,""status"":1,""cldr"":""or""},""pa"":{""percent"":2.8,""status"":1,""cldr"":""pa""},""sa"":{""percent"":0.0012,""status"":1},""sat"":{""percent"":0.55,""status"":1},""sd"":{""percent"":0.26,""status"":1},""sd-Deva"":{""percent"":0.026,""status"":1},""ta"":{""percent"":5.9,""status"":1,""cldr"":""ta""},""te"":{""percent"":7.2,""status"":1,""cldr"":""te""},""ur"":{""percent"":5,""status"":1,""cldr"":""ur-IN""}}"
British Indian Ocean Territory		3500	151500000	99	USD	-6,71.5	2c609e	IO			"{""en"":{""percent"":100,""literacy"":100,""status"":0,""cldr"":""en-IO"",""parent"":""en-001""}}"
Iraq	ar-Arab-IQ	38146000	596700000000	78.5	IQD	33,44	c94747	IQ	17.2	93.8	"{""ar"":{""percent"":68,""status"":0,""cldr"":""ar-IQ""},""az-Arab"":{""percent"":1.8,""status"":1},""ckb"":{""percent"":20,""status"":1,""cldr"":""ckb""}}"
Iran	fa-Arab-IR	82801600	1459000000000	85	IRR	32,53	84c051	IR	44.1	93.4	"{""fa"":{""percent"":75,""status"":0,""cldr"":""fa""}}"
Iceland	is-Latn-IS	335878	16150000000	99	ISK	65,-18	2a5e9d	IS	98.2	114	"{""is"":{""percent"":100,""status"":0,""cldr"":""is""}}"
Italy	it-Latn-IT	62007500	2221000000000	99	EUR	42.83333333,12.83333333	ed4c5c	IT	65.6	151	"{""fr"":{""percent"":6.3,""status"":1},""it"":{""percent"":95,""status"":0,""cldr"":""it""}}"
Jersey		98069	5771000000	99	GBP	49.25,-2.16666666	ed4b5c	JE			"{""en"":{""percent"":95,""status"":0,""cldr"":""en-JE"",""parent"":""en-001""}}"
Jamaica		2970340	25390000000	87	JMD	18.25,-77.5	6c9734	JM	43.2	112	"{""en"":{""percent"":98,""status"":0,""cldr"":""en-JM"",""parent"":""en-001""}}"
Jordan	ar-Arab-JO	8185380	86190000000	95.9	JOD	31,36	75a742	JO	53.4	179	"{""ar"":{""percent"":100,""status"":0,""cldr"":""ar-JO""}}"
Japan	ja-Jpan-JP	126702000	4932000000000	99	JPY	36,138	ed4c5c	JP	93.3	125	"{""ja"":{""percent"":95,""status"":0,""cldr"":""ja""}}"
Kenya	sw-Latn-KE	46790800	152700000000	87.4	KES	1,38	c94747	KE	45.6	80.7	"{""en"":{""percent"":19,""status"":0,""cldr"":""en-KE"",""parent"":""en-001""},""sw"":{""percent"":66,""status"":0,""cldr"":""sw-KE""}}"
Kyrgyzstan	ky-Cyrl-KG	5727550	21010000000	99.2	KGS	41,75	f4304b	KG	30.2	133	"{""ky"":{""percent"":48,""status"":0,""cldr"":""ky""},""ru"":{""percent"":36,""status"":0,""cldr"":""ru-KG""}}"
Cambodia	km-Khmr-KH	15957200	58940000000	73.9	KHR	13,105	ed4c5c	KH	19	133	"{""km"":{""percent"":89,""status"":0,""cldr"":""km""}}"
Kiribati		106925	211000000	90	AUD	1.41666666,173	ec4c5c	KI	13	38.8	"{""en"":{""percent"":100,""status"":0,""cldr"":""en-KI"",""parent"":""en-001""},""gil"":{""percent"":60,""status"":0}}"
Comoros	ar-Arab-KM	794678	1259000000	75.5	KMF	-12.16666666,44.25	ec4c5b	KM	7.46	54.8	"{""ar"":{""percent"":66,""status"":0,""cldr"":""ar-KM""},""fr"":{""percent"":56,""status"":0,""cldr"":""fr-KM""},""wni"":{""percent"":34,""status"":0},""zdj"":{""percent"":37,""status"":0}}"
St. Kitts & Nevis		52329	1427000000	97.8	XCD	17.33333333,-62.75	fde42e	KN	75.7	132	"{""en"":{""percent"":98,""status"":0,""cldr"":""en-KN"",""parent"":""en-001""}}"
North Korea	ko-Kore-KP	25115300	40000000000	100	KPW	40,127	ed4c5c	KP		12.9	"{""ko"":{""percent"":88,""status"":0,""cldr"":""ko-KP""}}"
South Korea	ko-Kore-KR	50924200	1929000000000	97.9	KRW	37,127.5	ec4c5c	KR	89.9	118	"{""ko"":{""percent"":100,""status"":0,""cldr"":""ko""}}"
Kuwait	ar-Arab-KW	2832780	301100000000	93.9	KWD	29.5,45.75	ec4b5c	KW	82.1	232	"{""ar"":{""percent"":100,""status"":0,""cldr"":""ar-KW""}}"
Cayman Islands		57268	2507000000	98.9	KYD	19.5,-80.5	2a5f9d	KY	77	155	"{""en"":{""percent"":98,""status"":0,""cldr"":""en-KY"",""parent"":""en-001""}}"
Kazakhstan	ru-Cyrl-KZ	18360400	460700000000	99.7	KZT	48,68	00afc9	KZ	72.9	187	"{""kk"":{""percent"":64,""status"":0,""cldr"":""kk""},""ru"":{""percent"":72,""status"":0,""cldr"":""ru-KZ""}}"
Laos	lo-Laoo-LA	7019070	40960000000	72.7	LAK	18,105	2a5f9e	LA	18.2	53.1	"{""lo"":{""percent"":69,""status"":0,""cldr"":""lo""}}"
Lebanon	ar-Arab-LB	6237740	85160000000	89.6	LBP	33.83333333,35.83333333	ed4c5c	LB	74	87.1	"{""ar"":{""percent"":86,""status"":0,""cldr"":""ar-LB""}}"
St. Lucia		164464	2083000000	90.1	XCD	13.88333333,-60.96666666	48c2f2	LC	52.4	102	"{""en"":{""percent"":90,""status"":0,""cldr"":""en-LC"",""parent"":""en-001""}}"
Liechtenstein	de-Latn-LI	37937	3200000000	100	CHF	47.26666666,9.53333333	ec4b5c	LI	96.6	109	"{""de"":{""percent"":100,""status"":0,""cldr"":""de-LI""},""gsw"":{""percent"":85,""status"":2,""cldr"":""gsw-LI""}}"
Sri Lanka	si-Sinh-LK	22235000	237800000000	91.2	LKR	7,81	fecd31	LK	30	113	"{""si"":{""percent"":68,""status"":0,""cldr"":""si""},""ta"":{""percent"":15,""status"":0,""cldr"":""ta-LK""}}"
Liberia		4299940	3881000000	60.8	LRD	6.5,-9.5	ec4c5c	LR	5.9	81.1	"{""en"":{""percent"":83,""status"":0,""cldr"":""en-LR"",""parent"":""en-001""}}"
Lesotho	st-Latn-LS	1953070	6019000000	89.6	ZAR	-29.5,28.5	82bf4f	LS	16.1	106	"{""en"":{""percent"":27,""status"":0,""cldr"":""en-LS"",""parent"":""en-001""},""st"":{""percent"":98,""status"":0}}"
Lithuania	lt-Latn-LT	2854240	85790000000	99.7	EUR	56,24	689635	LT	71.4	140	"{""lt"":{""percent"":86,""status"":0,""cldr"":""lt""}}"
Luxembourg	fr-Latn-LU	582291	58740000000	100	EUR	49.75,6.16666666	c94646	LU	97.3	149	"{""de"":{""percent"":63,""status"":0,""cldr"":""de-LU""},""fr"":{""percent"":87,""status"":0,""cldr"":""fr-LU""},""lb"":{""percent"":67,""status"":0,""cldr"":""lb""}}"
Latvia	lv-Latn-LV	1965690	50870000000	99.8	EUR	57,25	c8515f	LV	79.2	127	"{""lv"":{""percent"":61,""status"":0,""cldr"":""lv""}}"
Libya	ar-Arab-LY	6541950	90890000000	89.5	LYD	25,17	c94747	LY	19	157	"{""ar"":{""percent"":74,""status"":0,""cldr"":""ar-LY""}}"
Morocco	ar-Arab-MA	33655800	282800000000	67.1	MAD	32,-5	f32f4b	MA	57.1	127	"{""ar"":{""percent"":62,""status"":0,""cldr"":""ar-MA""},""fr"":{""percent"":20,""status"":2,""cldr"":""fr-MA""},""tzm"":{""percent"":9.8,""literacy"":25,""status"":0,""cldr"":""tzm""}}"
Monaco	fr-Latn-MC	30581	6790000000	99	EUR	43.73333333,7.4	c94646	MC	93.4	88.8	"{""fr"":{""percent"":99,""status"":0,""cldr"":""fr-MC""}}"
Moldova	ro-Latn-MD	3510490	18540000000	99	MDL	47,29	fde52e	MD	49.8	108	"{""ro"":{""percent"":63,""status"":0,""cldr"":""ro-MD""}}"
Montenegro	sr-Latn-ME	644578	10610000000	98.5	EUR	42.5,19.3	ed4c5b	ME	64.6	162	"{""sr-Latn"":{""percent"":100,""status"":0,""cldr"":""sr-Latn-ME""}}"
St. Martin	fr-Latn-MF	31949	561500000	99	EUR	18.08333333,-63.95	ed4b5c	MF			"{""fr"":{""percent"":100,""status"":0,""cldr"":""fr-MF""}}"
Madagascar	mg-Latn-MG	24430300	37490000000	64.5	MGA	-20,47	ec4b5c	MG	4.17	46	"{""en"":{""percent"":18,""status"":0,""cldr"":""en-MG"",""parent"":""en-001""},""fr"":{""percent"":69,""status"":0,""cldr"":""fr-MG""},""mg"":{""percent"":90,""status"":0,""cldr"":""mg""}}"
Marshall Islands		73376	180000000	93.7	USD	9,168	2b5f9e	MH	19.3	29.2	"{""en"":{""percent"":93,""status"":0,""cldr"":""en-MH""},""mh"":{""percent"":73,""status"":0}}"
Macedonia	mk-Cyrl-MK	2100030	30130000000	97.4	MKD	41.83333333,22	ed4c5b	MK	70.4	105	"{""mk"":{""percent"":67,""status"":0,""cldr"":""mk""},""sq"":{""percent"":25,""status"":1,""cldr"":""sq-MK""}}"
Mali	bm-Latn-ML	17467100	38090000000	33.4	XOF	17,-4	ffce30	ML	10.3	140	"{""fr"":{""percent"":46,""status"":0,""cldr"":""fr-ML""}}"
Myanmar (Burma)	my-Mymr-MM	56890400	311100000000	92.7	MMK	22,98	fbe432	MM	21.8	76.7	"{""my"":{""percent"":64,""status"":0,""cldr"":""my""}}"
Mongolia	mn-Cyrl-MN	3031330	36650000000	97.4	MNT	46,105	c94746	MN	21.4	105	"{""mn"":{""percent"":93,""status"":0,""cldr"":""mn""}}"
Macau SAR China	zh-Hant-MO	597425	63220000000	95.6	MOP	22.16666666,113.55	83bf4f	MO	77.6	324	"{""pt"":{""percent"":5,""status"":0,""cldr"":""pt-MO"",""parent"":""pt-PT""},""zh-Hant"":{""percent"":98,""status"":0,""cldr"":""zh-Hant-MO"",""parent"":""zh-Hant-HK""}}"
Northern Mariana Islands		53467	682000000	97	USD	15.2,145.75	0171bb	MP			"{""en"":{""percent"":97,""status"":2,""cldr"":""en-MP""}}"
Martinique	fr-Latn-MQ	436131	6117000000	98	EUR	14.666667,-61	2b5f9e	MQ			"{""fr"":{""percent"":98,""status"":0,""cldr"":""fr-MQ""}}"
Mauritania	ar-Arab-MR	3677290	16710000000	58.6	MRO	20,-12	6a9634	MR	15.2	89.3	"{""ar"":{""percent"":85,""status"":0,""cldr"":""ar-MR""}}"
Montserrat		5267	43780000	97	XCD	16.75,-62.2	2a5f9e	MS			"{""en"":{""percent"":66,""status"":0,""cldr"":""en-MS"",""parent"":""en-001""}}"
Malta	mt-Latn-MT	415196	16320000000	92.4	EUR	35.83333333,14.58333333	ec4b5c	MT	76.2	129	"{""en"":{""percent"":88,""status"":0,""cldr"":""en-MT"",""parent"":""en-001""},""mt"":{""percent"":100,""status"":0,""cldr"":""mt""}}"
Mauritius	mfe-Latn-MU	1348240	25850000000	88.8	MUR	-20.28333333,57.55	295e9e	MU	50.1	141	"{""en"":{""percent"":72,""status"":0,""cldr"":""en-MU"",""parent"":""en-001""},""fr"":{""percent"":3,""status"":0,""cldr"":""fr-MU""}}"
Maldives	dv-Thaa-MV	392960	5407000000	98.4	MVR	3.25,73	699635	MV	54.5	207	"{""dv"":{""percent"":94,""status"":0}}"
Malawi		18570300	21230000000	74.8	MWK	-13.5,34	eb4b5b	MW	9.3	35.3	"{""en"":{""percent"":63,""status"":0,""cldr"":""en-MW"",""parent"":""en-001""},""ny"":{""percent"":63,""status"":0}}"
Mexico	es-Latn-MX	123167000	2307000000000	93.5	MXN	23,-102	ec4c5c	MX	57.4	85.3	"{""es"":{""percent"":83,""status"":2,""cldr"":""es-MX"",""parent"":""es-419""}}"
Malaysia	ms-Latn-MY	30950000	863800000000	93.1	MYR	2.5,112.5	ec4c5c	MY	71.1	144	"{""ms"":{""percent"":75,""status"":0,""cldr"":""ms""}}"
Mozambique	pt-Latn-MZ	25930200	35310000000	56.1	MZN	-18.25,35	fee52e	MZ	9	74.2	"{""pt"":{""percent"":27,""status"":0,""cldr"":""pt-MZ"",""parent"":""pt-PT""}}"
Namibia	af-Latn-NA	2436470	27040000000	88.8	ZAR	-22,17	ed4c5c	NA	22.3	102	"{""en"":{""percent"":7,""status"":0,""cldr"":""en-NA"",""parent"":""en-001""}}"
New Caledonia	fr-Latn-NC	275355	11100000000	96.2	XPF	-21.5,165.5	2c5c94	NC	74	93.5	"{""fr"":{""percent"":96,""status"":0,""cldr"":""fr-NC""}}"
Niger	ha-Latn-NE	18638600	20270000000	28.7	XOF	16,8	f17a52	NE	2.22	46.5	"{""fr"":{""percent"":29,""status"":0,""cldr"":""fr-NE""}}"
Norfolk Island		2210	114300000	99	AUD	-29.03333333,167.95	699636	NF			"{""en"":{""percent"":76,""status"":0,""cldr"":""en-NF"",""parent"":""en-001""}}"
Nigeria		186053000	1089000000000	61.3	NGN	10,8	82bf4f	NG	47.4	82.2	"{""en"":{""percent"":53,""status"":0,""cldr"":""en-NG"",""parent"":""en-001""},""yo"":{""percent"":13,""status"":0,""cldr"":""yo""}}"
Nicaragua	es-Latn-NI	5966800	33490000000	78	NIO	13,-85	428ac1	NI	19.7	116	"{""es"":{""percent"":78,""status"":0,""cldr"":""es-NI"",""parent"":""es-419""}}"
Netherlands	nl-Latn-NL	17017000	865900000000	99	EUR	52.5,5.75	ed4b5b	NL	93.1	124	"{""fy"":{""percent"":4.3,""status"":1,""cldr"":""fy""},""nl"":{""percent"":100,""status"":0,""cldr"":""nl""}}"
Norway	nb-Latn-NO	5265160	364700000000	100	NOK	62,10	ed4b5b	NO	96.8	114	"{""nb"":{""percent"":100,""status"":0,""cldr"":""nb""},""nn"":{""percent"":25,""status"":0,""cldr"":""nn""},""se"":{""percent"":3.3,""status"":1,""cldr"":""se""}}"
Nepal	ne-Deva-NP	29033900	71520000000	57.4	NPR	28,84	ea4d5e	NP	17.6	96.7	"{""ne"":{""percent"":44,""status"":0,""cldr"":""ne""}}"
Nauru		9591	150800000	99	AUD	-0.53333333,166.91666666	295f9e	NR			"{""en"":{""percent"":98,""status"":0,""cldr"":""en-NR"",""parent"":""en-001""},""na"":{""percent"":72,""status"":0}}"
Niue		1190	10010000	95	NZD	-19.03333333,-169.86666666	fecd31	NU			"{""en"":{""percent"":95,""status"":0,""cldr"":""en-NU"",""parent"":""en-001""},""niu"":{""percent"":95,""status"":0}}"
New Zealand		4474550	174800000000	99	NZD	-41,174	2a5f9e	NZ	88.2	122	"{""en"":{""percent"":98,""status"":2,""cldr"":""en-NZ"",""parent"":""en-001""},""mi"":{""percent"":2.8,""status"":0}}"
Oman	ar-Arab-OM	3355260	173100000000	86.9	OMR	21,57	ed4c5c	OM	74.2	160	"{""ar"":{""percent"":81,""status"":0,""cldr"":""ar-OM""}}"
Panama	es-Latn-PA	3705250	93120000000	94.1	PAB	9,-80	ec4c5c	PA	51.2	174	"{""es"":{""percent"":69,""status"":0,""cldr"":""es-PA"",""parent"":""es-419""}}"
Peru	es-Latn-PE	30741100	409900000000	89.6	PEN	-10,-76	ec4b5b	PE	40.9	110	"{""es"":{""percent"":73,""status"":0,""cldr"":""es-PE"",""parent"":""es-419""},""qu"":{""percent"":15,""status"":0,""cldr"":""qu""}}"
French Polynesia	fr-Latn-PF	285321	7150000000	98	XPF	-15,-140	ed4c5c	PF	64.6	94.9	"{""fr"":{""percent"":61,""status"":0,""cldr"":""fr-PF""},""ty"":{""percent"":31,""status"":0}}"
Papua New Guinea	tpi-Latn-PG	6791320	28020000000	62.4	PGK	-6,147	c94746	PG	7.9	46.6	"{""en"":{""percent"":50,""status"":0,""cldr"":""en-PG"",""parent"":""en-001""},""ho"":{""percent"":2.1,""status"":0},""tpi"":{""percent"":71,""literacy"":45,""status"":0}}"
Philippines	fil-Latn-PH	102624000	801900000000	95.4	PHP	13,122	ec4b5c	PH	40.7	118	"{""ceb"":{""percent"":24,""literacy"":13,""status"":1},""en"":{""percent"":64,""status"":0,""cldr"":""en-PH"",""parent"":""en-001""},""fil"":{""percent"":60,""status"":0,""cldr"":""fil""},""hil"":{""percent"":8.4,""literacy"":8,""status"":1},""ilo"":{""percent"":9.6,""literacy"":10,""status"":1},""mdh"":{""percent"":1.2,""status"":1},""pag"":{""percent"":1.4,""status"":1},""tsg"":{""percent"":1.1,""status"":1},""war"":{""percent"":2.9,""status"":1}}"
Pakistan	ur-Arab-PK	201996000	988200000000	54.9	PKR	30,70	699635	PK	18	66.9	"{""en"":{""percent"":50,""status"":0,""cldr"":""en-PK"",""parent"":""en-001""},""ur"":{""percent"":95,""status"":0,""cldr"":""ur""}}"
Poland	pl-Latn-PL	38523300	1052000000000	99.7	PLN	52,20	ec4b5c	PL	68	149	"{""csb"":{""percent"":0.13,""status"":1},""de"":{""percent"":19,""status"":1},""lt"":{""percent"":0.021,""status"":1},""pl"":{""percent"":96,""status"":0,""cldr"":""pl""}}"
St. Pierre & Miquelon	fr-Latn-PM	5595	215300000	99	EUR	46.83333333,-56.33333333	068bbe	PM			"{""fr"":{""percent"":91,""status"":0,""cldr"":""fr-PM""}}"
Pitcairn Islands		54	2337000	99	NZD	-25.06666666,-130.1	2a609d	PN			"{""en"":{""percent"":85,""status"":0,""cldr"":""en-PN"",""parent"":""en-001""}}"
Puerto Rico	es-Latn-PR	3578060	131000000000	90.3	USD	18.25,-66.5	eb4c5c	PR	79.5	87.1	"{""en"":{""percent"":49,""status"":2,""cldr"":""en-PR""},""es"":{""percent"":87,""status"":0,""cldr"":""es-PR"",""parent"":""es-419""}}"
Palestinian Territories	ar-Arab-PS	4451010	21220000000	95.3	ILS	31.9,35.2	699534	PS	57.4	77.6	"{""ar"":{""percent"":100,""status"":0,""cldr"":""ar-PS""}}"
Portugal	pt-Latn-PT	10833800	297100000000	95.4	EUR	39.5,-8	ec4c5c	PT	68.6	110	"{""pt"":{""percent"":96,""status"":0,""cldr"":""pt-PT""}}"
Palau	pau-Latn-PW	21347	276000000	92	USD	7.5,134.5	42ace1	PW		112	"{""en"":{""percent"":8.8,""status"":0,""cldr"":""en-PW"",""parent"":""en-001""},""pau"":{""percent"":74,""status"":0}}"
Paraguay	gn-Latn-PY	6862810	64120000000	93.9	PYG	-23,-58	ec4c5c	PY	44.4	105	"{""es"":{""percent"":3.2,""status"":0,""cldr"":""es-PY"",""parent"":""es-419""},""gn"":{""percent"":80,""status"":0}}"
Qatar	ar-Arab-QA	2258280	334500000000	96.3	QAR	25.5,51.25	b84a78	QA	92.9	154	"{""ar"":{""percent"":89,""status"":0,""cldr"":""ar-QA""}}"
Réunion	fr-Latn-RE	787584	4791000000	88	EUR	-21.15,55.5	ffce31	RE			"{""fr"":{""percent"":89,""status"":0,""cldr"":""fr-RE""}}"
Romania	ro-Latn-RO	21599700	441000000000	97.7	RON	46,25	ffce30	RO	55.8	107	"{""ro"":{""percent"":90,""status"":0,""cldr"":""ro""}}"
Serbia	sr-Cyrl-RS	7143920	101500000000	98	RSD	44,21	ec4c5c	RS	65.3	121	"{""hr"":{""percent"":0.93,""status"":1},""hu"":{""percent"":4.8,""status"":1},""ro"":{""percent"":2.1,""status"":1},""sk"":{""percent"":0.85,""status"":1},""sr"":{""percent"":99,""status"":0,""cldr"":""sr""},""sr-Latn"":{""percent"":99,""status"":0,""cldr"":""sr-Latn"",""parent"":""root""},""uk"":{""percent"":0,""status"":1}}"
Russia	ru-Cyrl-RU	142355000	3745000000000	99.7	RUB	60,100	428ac0	RU	73.4	160	"{""ady"":{""percent"":0.088,""status"":1},""av"":{""percent"":0.39,""status"":1},""az-Cyrl"":{""percent"":0.093,""status"":1},""ba"":{""percent"":1.3,""status"":1},""ce"":{""percent"":0.66,""status"":1,""cldr"":""ce""},""inh"":{""percent"":0.16,""status"":1},""kbd"":{""percent"":0.31,""status"":1},""koi"":{""percent"":0.045,""status"":1},""krc"":{""percent"":0.16,""status"":1},""kum"":{""percent"":0.2,""status"":1},""kv"":{""percent"":0.18,""status"":1},""lbe"":{""percent"":0.078,""status"":1},""lez"":{""percent"":0.18,""status"":1},""mdf"":{""percent"":0.21,""status"":1},""myv"":{""percent"":0.31,""status"":1},""ru"":{""percent"":94,""status"":0,""cldr"":""ru""},""sah"":{""percent"":0.32,""status"":1,""cldr"":""sah""},""tt"":{""percent"":1.4,""status"":1},""tyv"":{""percent"":0.13,""status"":1},""udm"":{""percent"":0.38,""status"":1}}"
Rwanda	rw-Latn-RW	12988400	21970000000	71.1	RWF	-2,30	43ade0	RW	18	70.5	"{""en"":{""percent"":15,""status"":0,""cldr"":""en-RW"",""parent"":""en-001""},""fr"":{""percent"":0.018,""status"":0,""cldr"":""fr-RW""},""rw"":{""percent"":77,""status"":0,""cldr"":""rw""}}"
Saudi Arabia	ar-Arab-SA	28160300	1731000000000	87.2	SAR	25,45	699635	SA	69.6	177	"{""ar"":{""percent"":100,""status"":0,""cldr"":""ar-SA""}}"
Solomon Islands		635027	1198000000	84.1	SBD	-8,159	6a9634	SB	10	72.7	"{""en"":{""percent"":100,""status"":0,""cldr"":""en-SB"",""parent"":""en-001""}}"
Seychelles	fr-Latn-SC	93186	2608000000	91.8	SCR	-4.58333333,55.66666666	28729f	SC	58.1	158	"{""en"":{""percent"":38,""status"":0,""cldr"":""en-SC"",""parent"":""en-001""},""fr"":{""percent"":60,""status"":0,""cldr"":""fr-SC""}}"
Sudan	ar-Arab-SD	36729500	176300000000	71.9	SDG	15,30	ed4b5c	SD	26.6	70.5	"{""ar"":{""percent"":61,""status"":0,""cldr"":""ar-SD""},""en"":{""percent"":61,""status"":0,""cldr"":""en-SD"",""parent"":""en-001""}}"
Sweden	sv-Latn-SE	9880600	498100000000	99	SEK	62,15	ffe62e	SE	90.6	130	"{""fi"":{""percent"":2.2,""status"":1},""sv"":{""percent"":95,""status"":0,""cldr"":""sv""}}"
Singapore		5781730	486900000000	95.9	SGD	1.36666666,103.8	ec4c5c	SG	82.1	146	"{""en"":{""percent"":93,""status"":0,""cldr"":""en-SG"",""parent"":""en-001""},""ms"":{""percent"":14,""status"":0,""cldr"":""ms-SG""},""ta"":{""percent"":2.1,""status"":0,""cldr"":""ta-SG""},""zh"":{""percent"":77,""status"":0}}"
St. Helena		7795	31100000	97	SHP	-15.965424,-5.7815686	2a5f9d	SH			"{""en"":{""percent"":69,""status"":0,""cldr"":""en-SH"",""parent"":""en-001""}}"
Slovenia	sl-Latn-SI	1978030	66130000000	99.7	EUR	46.11666666,14.81666666	438ac0	SI	73.1	113	"{""sl"":{""percent"":87,""status"":0,""cldr"":""sl""}}"
Svalbard & Jan Mayen	nb-Latn-SJ	1872	129700000	100	NOK	78,20	ed4b5b	SJ			"{""nb"":{""percent"":80,""status"":0,""cldr"":""nb-SJ""}}"
Slovakia	sk-Latn-SK	5445800	169100000000	99.6	EUR	48.66666666,19.5	ec4c5c	SK	85	122	"{""sk"":{""percent"":90,""status"":0,""cldr"":""sk""}}"
Sierra Leone		6018890	10640000000	43.3	SLL	8.5,-11.5	82bf4f	SL	2.5	89.5	"{""en"":{""percent"":35,""status"":0,""cldr"":""en-SL"",""parent"":""en-001""}}"
San Marino	it-Latn-SM	33285	2023000000	96	EUR	43.76666666,12.41666666	a6d2ec	SM		115	"{""it"":{""percent"":89,""status"":0,""cldr"":""it-SM""}}"
Senegal	fr-Latn-SN	14320100	39720000000	49.7	XOF	14,-14	fee52e	SN	21.7	99.9	"{""bjt"":{""percent"":0.61,""literacy"":100,""status"":1},""bsc"":{""percent"":0.098,""literacy"":10,""status"":1},""dyo"":{""percent"":2.6,""literacy"":10,""status"":1,""cldr"":""dyo""},""ff"":{""percent"":21,""status"":1,""cldr"":""ff""},""fr"":{""percent"":39,""literacy"":100,""status"":0,""cldr"":""fr-SN""},""knf"":{""percent"":0.21,""literacy"":10,""status"":1},""mey"":{""percent"":0.05,""literacy"":10,""status"":1},""mfv"":{""percent"":0.77,""literacy"":10,""status"":1},""sav"":{""percent"":1.5,""status"":1},""snf"":{""percent"":0.24,""literacy"":10,""status"":1},""srr"":{""percent"":11,""status"":1},""tnr"":{""percent"":0.024,""literacy"":10,""status"":1},""wo"":{""percent"":70,""status"":2}}"
Somalia	so-Latn-SO	10817400	4431000000	37.8	SOS	10,49	42ade2	SO	1.76	52.5	"{""ar"":{""percent"":34,""literacy"":99,""status"":0,""cldr"":""ar-SO""},""so"":{""percent"":78,""status"":0,""cldr"":""so""}}"
Suriname	nl-Latn-SR	585824	8547000000	94.7	SRD	4,-56	c94746	SR	42.8	181	"{""nl"":{""percent"":90,""status"":0,""cldr"":""nl-SR""}}"
South Sudan		12530700	20880000000	27	SSP	7,30	35506f	SS	17.9	23.9	"{""en"":{""percent"":27,""status"":0,""cldr"":""en-SS"",""parent"":""en-001""}}"
São Tomé & Príncipe	pt-Latn-ST	197541	694000000	69.5	STD	1,7	82bf4f	ST	25.8	65.1	"{""pt"":{""percent"":85,""status"":0,""cldr"":""pt-ST"",""parent"":""pt-PT""}}"
El Salvador	es-Latn-SV	6156670	54790000000	84.5	USD	13.83333333,-88.91666666	428ac1	SV	26.9	145	"{""es"":{""percent"":89,""status"":0,""cldr"":""es-SV"",""parent"":""es-419""}}"
Sint Maarten		41486	365800000	99	ANG	18.033333,-63.05	ec4c5c	SX			"{""en"":{""percent"":68,""status"":0,""cldr"":""en-SX"",""parent"":""en-001""},""nl"":{""percent"":3.8,""status"":0,""cldr"":""nl-SX""}}"
Syria	ar-Arab-SY	17185200	55800000000	84.1	SYP	35,38	ec4b5b	SY	30	62.4	"{""ar"":{""percent"":80,""status"":0,""cldr"":""ar-SY""},""fr"":{""percent"":5.9,""status"":0,""cldr"":""fr-SY""}}"
Swaziland		1451430	11060000000	87.8	SZL	-26.5,31.5	2e5d94	SZ	30.4	73.2	"{""en"":{""percent"":80,""status"":0,""cldr"":""en-SZ"",""parent"":""en-001""},""ss"":{""percent"":58,""status"":0}}"
Tristan da Cunha		275	11900000	99	GBP	-37.116185,-12.3540162	2a609e	TA			
Turks & Caicos Islands		51430	632000000	98	USD	21.75,-71.58333333	2a5f9e	TC			"{""en"":{""percent"":98,""status"":0,""cldr"":""en-TC"",""parent"":""en-001""}}"
Chad	fr-Latn-TD	11852500	30590000000	35.4	XAF	15,19	ffce30	TD	2.7	40.2	"{""ar"":{""percent"":17,""status"":0,""cldr"":""ar-TD""},""fr"":{""percent"":26,""status"":0,""cldr"":""fr-TD""}}"
French Southern Territories	fr-Latn-TF	140	5733000	99	EUR	-49.25,69.167	2a5f9e	TF			
Togo	fr-Latn-TG	7756940	11610000000	60.4	XOF	8,1.16666666	ffcd31	TG	7.12	64.9	"{""fr"":{""percent"":61,""status"":0,""cldr"":""fr-TG""}}"
Thailand	th-Thai-TH	68200800	1161000000000	93.5	THB	15,100	295e9e	TH	39.3	126	"{""th"":{""percent"":80,""literacy"":93,""status"":0,""cldr"":""th""}}"
Tajikistan	tg-Cyrl-TJ	8330950	25810000000	99.7	TJS	39,71	c94747	TJ	19	98.6	"{""tg"":{""percent"":100,""status"":0}}"
Tokelau	tkl-Latn-TK	1337	1500000	94	NZD	-9,-172	2a5f9d	TK			"{""en"":{""percent"":100,""status"":0,""cldr"":""en-TK"",""parent"":""en-001""},""tkl"":{""percent"":100,""status"":0}}"
Timor-Leste	pt-Latn-TL	1261070	4975000000	58.3	USD	-8.83333333,125.91666666	ec4c5c	TL	13.4	117	"{""pt"":{""percent"":59,""literacy"":100,""status"":0,""cldr"":""pt-TL"",""parent"":""pt-PT""},""tet"":{""percent"":59,""status"":0}}"
Turkmenistan	tk-Latn-TM	5291320	94770000000	99.6	TMT	40,60	83bf4f	TM	15	146	"{""tk"":{""percent"":70,""status"":0,""cldr"":""tk""}}"
Tunisia	ar-Arab-TN	11134600	130800000000	79.1	TND	34,9	ec4c5c	TN	48.5	130	"{""ar"":{""percent"":90,""status"":0,""cldr"":""ar-TN""},""fr"":{""percent"":74,""status"":0,""cldr"":""fr-TN""}}"
Tonga	to-Latn-TO	106513	557000000	99	TOP	-20,-175	c94646	TO	45	65.6	"{""en"":{""percent"":28,""status"":0,""cldr"":""en-TO"",""parent"":""en-001""},""to"":{""percent"":95,""status"":0,""cldr"":""to""}}"
Turkey	tr-Latn-TR	80274600	1670000000000	94.1	TRY	39,35	ec4c5c	TR	53.7	96	"{""tr"":{""percent"":93,""status"":0,""cldr"":""tr""}}"
Trinidad & Tobago		1220480	43570000000	98.8	TTD	11,-61	ed4b5c	TT	69.2	158	"{""en"":{""percent"":88,""status"":0,""cldr"":""en-TT"",""parent"":""en-001""}}"
Tuvalu	tvl-Latn-TV	10959	39000000	95	AUD	-8,178	5b97b0	TV	42.7	40.3	"{""en"":{""percent"":9.8,""status"":0,""cldr"":""en-TV"",""parent"":""en-001""},""tvl"":{""percent"":91,""status"":0}}"
Taiwan	zh-Hant-TW	23464800	1125000000000	96.1	TWD	23.5,121	ec4b5c	TW			"{""zh-Hant"":{""percent"":95,""status"":0,""cldr"":""zh-Hant"",""parent"":""root""}}"
Tanzania	sw-Latn-TZ	52482700	150600000000	67.8	TZS	-6,35	83be4f	TZ	5.36	75.9	"{""en"":{""percent"":69,""status"":0,""cldr"":""en-TZ"",""parent"":""en-001""},""sw"":{""percent"":90,""status"":0,""cldr"":""sw""}}"
Ukraine	uk-Cyrl-UA	44209700	349800000000	99.7	UAH	49,32	ffe62d	UA	49.3	144	"{""ru"":{""percent"":46,""status"":2,""cldr"":""ru-UA""},""uk"":{""percent"":65,""status"":0,""cldr"":""uk""}}"
Uganda	sw-Latn-UG	38319200	84930000000	73.2	UGX	1,32	ffe52d	UG	19.2	50.4	"{""en"":{""percent"":3.9,""status"":0,""cldr"":""en-UG"",""parent"":""en-001""},""sw"":{""percent"":75,""status"":0,""cldr"":""sw-UG""}}"
U.S. Outlying Islands		316	18100000	99	USD	19.2944482,166.5922695	ed4c5c	UM			"{""en"":{""percent"":100,""status"":2,""cldr"":""en-UM""}}"
United States		323996000	18560000000000	99	USD	38,-97	ed4c5c	US	74.5	118	"{""en"":{""percent"":96,""status"":2,""cldr"":""en""},""es"":{""percent"":9.6,""status"":1,""cldr"":""es-US"",""parent"":""es-419""},""haw"":{""percent"":0.0089,""status"":1,""cldr"":""haw""}}"
Uruguay	es-Latn-UY	3351020	73930000000	98.1	UYU	-33,-56	428ac1	UY	64.6	160	"{""es"":{""percent"":88,""status"":0,""cldr"":""es-UY"",""parent"":""es-419""}}"
Uzbekistan	uz-Latn-UZ	29473600	202300000000	99.4	UZS	41,64	82bf4f	UZ	42.8	73.3	"{""uz"":{""percent"":85,""status"":0,""cldr"":""uz""},""uz-Cyrl"":{""percent"":15,""status"":0,""cldr"":""uz-Cyrl"",""parent"":""root""}}"
Vatican City	it-Latn-VA	1000	35820000	100	EUR	41.9,12.45	fee530	VA			"{""it"":{""percent"":82,""status"":2,""cldr"":""it-VA""}}"
St. Vincent & Grenadines		102350	1241000000	96	XCD	13.25,-61.2	fee52e	VC	51.8	104	"{""en"":{""percent"":96,""status"":0,""cldr"":""en-VC"",""parent"":""en-001""}}"
Venezuela	es-Latn-VE	30912300	468600000000	95.5	VEF	8,-66	2a5f9e	VE	61.9	93	"{""es"":{""percent"":82,""status"":0,""cldr"":""es-VE"",""parent"":""es-419""}}"
British Virgin Islands		34232	500000000	97.8	USD	18.431383,-64.62305	2a5f9e	VG		146	"{""en"":{""percent"":98,""status"":0,""cldr"":""en-VG"",""parent"":""en-001""}}"
U.S. Virgin Islands		102951	3792000000	99	USD	18.35,-64.933333	fecf3a	VI	54.8		"{""en"":{""percent"":75,""status"":2,""cldr"":""en-VI""}}"
Vietnam	vi-Latn-VN	95261000	594900000000	93.4	VND	16.16666666,107.83333333	f42f4b	VN	52.7	131	"{""vi"":{""percent"":86,""status"":0,""cldr"":""vi""}}"
Vanuatu	bi-Latn-VU	277554	723000000	83.2	VUV	-16,167	ec4b5b	VU	22.4	66.2	"{""bi"":{""percent"":90,""status"":0},""en"":{""percent"":83,""status"":0,""cldr"":""en-VU"",""parent"":""en-001""},""fr"":{""percent"":50,""status"":0,""cldr"":""fr-VU""}}"
Wallis & Futuna	fr-Latn-WF	15664	60000000	50	XPF	-13.3,-176.2	ed4b5c	WF			"{""fr"":{""percent"":49,""status"":0,""cldr"":""fr-WF""}}"
Samoa	sm-Latn-WS	198926	1046000000	98.8	WST	-13.58333333,-172.33333333	ec4b5c	WS	25.4	58.5	"{""en"":{""percent"":2.2,""status"":0,""cldr"":""en-WS"",""parent"":""en-001""},""sm"":{""percent"":100,""status"":0}}"
Kosovo	sq-Latn-XK	1883020	18490000000	91.9	EUR	42.666667,21.166667	428ac0	XK			"{""sq"":{""percent"":92,""status"":0,""cldr"":""sq-XK""},""sr"":{""percent"":5,""status"":0},""sr-Latn"":{""percent"":5,""status"":0,""cldr"":""sr-Latn-XK""}}"
Yemen	ar-Arab-YE	27392800	73450000000	65.3	YER	15,48	c94646	YE	25.1	68	"{""ar"":{""percent"":74,""status"":0,""cldr"":""ar-YE""}}"
Mayotte	fr-Latn-YT	194000	953600000	92	EUR	-12.83333333,45.16666666	44668d	YT			"{""fr"":{""percent"":57,""status"":0,""cldr"":""fr-YT""}}"
South Africa		54300700	736300000000	93	ZAR	-29,24	6c9635	ZA	51.9	159	"{""af"":{""percent"":13,""literacy"":99,""status"":1,""cldr"":""af""},""en"":{""percent"":31,""literacy"":99,""status"":0,""cldr"":""en-ZA"",""parent"":""en-001""},""nr"":{""percent"":1.6,""literacy"":50,""status"":1},""nso"":{""percent"":9.4,""literacy"":50,""status"":1},""ss"":{""percent"":2.7,""literacy"":50,""status"":1},""st"":{""percent"":7.9,""literacy"":50,""status"":1},""tn"":{""percent"":8.2,""literacy"":50,""status"":1},""ts"":{""percent"":4.4,""literacy"":50,""status"":1},""ve"":{""percent"":2.3,""literacy"":50,""status"":1},""xh"":{""percent"":18,""literacy"":50,""status"":1},""zu"":{""percent"":24,""literacy"":50,""status"":1,""cldr"":""zu""}}"
Zambia		15510700	65170000000	61.4	ZMW	-15,30	82be4e	ZM	21	74.5	"{""en"":{""percent"":16,""status"":0,""cldr"":""en-ZM"",""parent"":""en-001""}}"
Zimbabwe	sn-Latn-ZW	14547000	28330000000	83.6	USD	-20,30	fecd30	ZW	16.4	84.8	"{""en"":{""percent"":42,""status"":0,""cldr"":""en-ZW"",""parent"":""en-001""},""nd"":{""percent"":12,""status"":0,""cldr"":""nd""},""sn"":{""percent"":81,""status"":0,""cldr"":""sn""}}"